Workbook

Sheet Gruppo 1
C1: SOGGIORNO DI _______ | L1: Documento: MD 01_60_REV00 Data: 14/04/23
C4: File Cassa Minori | I4: Gruppo: | O4: RESTO
I5: Coordinatore: | O5: PEZZATURA | P5: 0.1 | Q5: 0.2 | R5: 0.5 | S5: 1 | T5: 2 | U5: 5 | V5: 10 | W5: 20 | X5: 50 | Y5: TOT
A6: N° | B6: COGNOME | C6: NOME | D6: NUMERO | E6: SOLDI | F6: SPESA 1 | G6: SPESA 2 | H6: SPESA 3 | I6: SPESA 4 | J6: SPESA 5 | K6: SPESA 6 | L6: SPESA 7 | M6: RESTO | O6: Gruppo | Y6: =P6*P5+Q6*Q5+R6*R5+S6*S5+T6*T5+U6*U5+V6*V5+W6*W5+X6*X5 -> 0
A7: 1 | M7: =E7-F7-G7-H7-I7-J7-K7-L7 -> 0
A8: 2 | M8: =E8-F8-G8-H8-I8-J8-K8-L8 -> 0
A9: 3 | M9: =E9-F9-G9-H9-I9-J9-K9-L9 -> 0
A10: 4 | M10: =E10-F10-G10-H10-I10-J10-K10-L10 -> 0
A11: 5 | M11: =E11-F11-G11-H11-I11-J11-K11-L11 -> 0
A12: 6 | M12: =E12-F12-G12-H12-I12-J12-K12-L12 -> 0
A13: 7 | M13: =E13-F13-G13-H13-I13-J13-K13-L13 -> 0
A14: 8 | M14: =E14-F14-G14-H14-I14-J14-K14-L14 -> 0
A15: 9 | M15: =E15-F15-G15-H15-I15-J15-K15-L15 -> 0
A16: 10 | M16: =E16-F16-G16-H16-I16-J16-K16-L16 -> 0
A17: 11 | M17: =E17-F17-G17-H17-I17-J17-K17-L17 -> 0
A18: 12 | M18: =E18-F18-G18-H18-I18-J18-K18-L18 -> 0
... A56: 50 | M56: =E56-F56-G56-H56-I56-J56-K56-L56 -> 0
D57: Totale | E57: =SUM(E7:E56) -> 0 | L57: Totale | M57: =SUM(M7:M56) -> 0

Sheet Gruppo 2
C1: SOGGIORNO DI _______ | L1: Documento: MD 01_60_REV00 Data: 14/04/23
C4: File Cassa Minori | I4: Gruppo: | O4: RESTO
I5: Coordinatore: | O5: PEZZATURA | P5: 0.1 | Q5: 0.2 | R5: 0.5 | S5: 1 | T5: 2 | U5: 5 | V5: 10 | W5: 20 | X5: 50 | Y5: TOT
A6: N° | B6: COGNOME | C6: NOME | D6: NUMERO | E6: SOLDI | F6: SPESA 1 | G6: SPESA 2 | H6: SPESA 3 | I6: SPESA 4 | J6: SPESA 5 | K6: SPESA 6 | L6: SPESA 7 | M6: RESTO | O6: Gruppo | Y6: =P6*P5+Q6*Q5+R6*R5+S6*S5+T6*T5+U6*U5+V6*V5+W6*W5+X6*X5 -> 0
A7: 1 | M7: =E7-F7-G7-H7-I7-J7-K7-L7 -> 0
A8: 2 | M8: =E8-F8-G8-H8-I8-J8-K8-L8 -> 0
A9: 3 | M9: =E9-F9-G9-H9-I9-J9-K9-L9 -> 0
A10: 4 | M10: =E10-F10-G10-H10-I10-J10-K10-L10 -> 0
A11: 5 | M11: =E11-F11-G11-H11-I11-J11-K11-L11 -> 0
A12: 6 | M12: =E12-F12-G12-H12-I12-J12-K12-L12 -> 0
A13: 7 | M13: =E13-F13-G13-H13-I13-J13-K13-L13 -> 0
A14: 8 | M14: =E14-F14-G14-H14-I14-J14-K14-L14 -> 0
A15: 9 | M15: =E15-F15-G15-H15-I15-J15-K15-L15 -> 0
A16: 10 | M16: =E16-F16-G16-H16-I16-J16-K16-L16 -> 0
A17: 11 | M17: =E17-F17-G17-H17-I17-J17-K17-L17 -> 0
A18: 12 | M18: =E18-F18-G18-H18-I18-J18-K18-L18 -> 0
... A56: 50 | M56: =E56-F56-G56-H56-I56-J56-K56-L56 -> 0
D57: Totale | E57: =SUM(E7:E56) -> 0 | L57: Totale | M57: =SUM(M7:M56) -> 0

Sheet Gruppo 3
C1: SOGGIORNO DI _______ | L1: Documento: MD 01_60_REV00 Data: 14/04/23
C4: File Cassa Minori | I4: Gruppo: | O4: RESTO
I5: Coordinatore: | O5: PEZZATURA | P5: 0.1 | Q5: 0.2 | R5: 0.5 | S5: 1 | T5: 2 | U5: 5 | V5: 10 | W5: 20 | X5: 50 | Y5: TOT
A6: N° | B6: COGNOME | C6: NOME | D6: NUMERO | E6: SOLDI | F6: SPESA 1 | G6: SPESA 2 | H6: SPESA 3 | I6: SPESA 4 | J6: SPESA 5 | K6: SPESA 6 | L6: SPESA 7 | M6: RESTO | O6: Gruppo | Y6: =P6*P5+Q6*Q5+R6*R5+S6*S5+T6*T5+U6*U5+V6*V5+W6*W5+X6*X5 -> 0
A7: 1 | M7: =E7-F7-G7-H7-I7-J7-K7-L7 -> 0
A8: 2 | M8: =E8-F8-G8-H8-I8-J8-K8-L8 -> 0
A9: 3 | M9: =E9-F9-G9-H9-I9-J9-K9-L9 -> 0
A10: 4 | M10: =E10-F10-G10-H10-I10-J10-K10-L10 -> 0
A11: 5 | M11: =E11-F11-G11-H11-I11-J11-K11-L11 -> 0
A12: 6 | M12: =E12-F12-G12-H12-I12-J12-K12-L12 -> 0
A13: 7 | M13: =E13-F13-G13-H13-I13-J13-K13-L13 -> 0
A14: 8 | M14: =E14-F14-G14-H14-I14-J14-K14-L14 -> 0
A15: 9 | M15: =E15-F15-G15-H15-I15-J15-K15-L15 -> 0
A16: 10 | M16: =E16-F16-G16-H16-I16-J16-K16-L16 -> 0
A17: 11 | M17: =E17-F17-G17-H17-I17-J17-K17-L17 -> 0
A18: 12 | M18: =E18-F18-G18-H18-I18-J18-K18-L18 -> 0
... A56: 50 | M56: =E56-F56-G56-H56-I56-J56-K56-L56 -> 0
D57: Totale | E57: =SUM(E7:E56) -> 0 | L57: Totale | M57: =SUM(M7:M56) -> 0

Sheet Gruppo 4
C1: SOGGIORNO DI _______ | L1: Documento: MD 01_60_REV00 Data: 14/04/23
C4: File Cassa Minori | I4: Gruppo: | O4: RESTO
I5: Coordinatore: | O5: PEZZATURA | P5: 0.1 | Q5: 0.2 | R5: 0.5 | S5: 1 | T5: 2 | U5: 5 | V5: 10 | W5: 20 | X5: 50 | Y5: TOT
A6: N° | B6: COGNOME | C6: NOME | D6: NUMERO | E6: SOLDI | F6: SPESA 1 | G6: SPESA 2 | H6: SPESA 3 | I6: SPESA 4 | J6: SPESA 5 | K6: SPESA 6 | L6: SPESA 7 | M6: RESTO | O6: Gruppo | Y6: =P6*P5+Q6*Q5+R6*R5+S6*S5+T6*T5+U6*U5+V6*V5+W6*W5+X6*X5 -> 0
A7: 1 | M7: =E7-F7-G7-H7-I7-J7-K7-L7 -> 0
A8: 2 | M8: =E8-F8-G8-H8-I8-J8-K8-L8 -> 0
A9: 3 | M9: =E9-F9-G9-H9-I9-J9-K9-L9 -> 0
A10: 4 | M10: =E10-F10-G10-H10-I10-J10-K10-L10 -> 0
A11: 5 | M11: =E11-F11-G11-H11-I11-J11-K11-L11 -> 0
A12: 6 | M12: =E12-F12-G12-H12-I12-J12-K12-L12 -> 0
A13: 7 | M13: =E13-F13-G13-H13-I13-J13-K13-L13 -> 0
A14: 8 | M14: =E14-F14-G14-H14-I14-J14-K14-L14 -> 0
A15: 9 | M15: =E15-F15-G15-H15-I15-J15-K15-L15 -> 0
A16: 10 | M16: =E16-F16-G16-H16-I16-J16-K16-L16 -> 0
A17: 11 | M17: =E17-F17-G17-H17-I17-J17-K17-L17 -> 0
A18: 12 | M18: =E18-F18-G18-H18-I18-J18-K18-L18 -> 0
... A56: 50 | M56: =E56-F56-G56-H56-I56-J56-K56-L56 -> 0
D57: Totale | E57: =SUM(E7:E56) -> 0 | L57: Totale | M57: =SUM(M7:M56) -> 0

Sheet Riepilogo
C1: SOGGIORNO DI _______ | J1: Documento: MD 01_60_REV00 Data: 14/04/23
C4: File Cassa Minori | G4: Gruppo:
G5: Coordinatore:
A6: RESTO
A7: Nome | B7: 0.1 | C7: 0.2 | D7: 0.5 | E7: 1 | F7: 2 | G7: 5 | H7: 10 | I7: 20 | J7: 50 | K7: TOT
A8: Gruppo 1 | B8: ='Gruppo 1'!P6 -> 0 | C8: ='Gruppo 1'!Q6 -> 0 | D8: ='Gruppo 1'!R6 -> 0 | E8: ='Gruppo 1'!S6 -> 0 | F8: ='Gruppo 1'!T6 -> 0 | G8: ='Gruppo 1'!U6 -> 0 | H8: ='Gruppo 1'!V6 -> 0 | I8: ='Gruppo 1'!W6 -> 0 | J8: ='Gruppo 1'!X6 -> 0 | K8: =B8*B7+C8*C7+D8*D7+E8*E7+F8*F7+G8*G7+H8*H7+I8*I7+J8*J7 -> 0
A9: Gruppo 2 | B9: ='Gruppo 2'!P6 -> 0 | C9: ='Gruppo 2'!Q6 -> 0 | D9: ='Gruppo 2'!R6 -> 0 | E9: ='Gruppo 2'!S6 -> 0 | F9: ='Gruppo 2'!T6 -> 0 | G9: ='Gruppo 2'!U6 -> 0 | H9: ='Gruppo 2'!V6 -> 0 | I9: ='Gruppo 2'!W6 -> 0 | J9: ='Gruppo 2'!X6 -> 0 | K9: =B9*B8+C9*C8+D9*D8+E9*E8+F9*F8+G9*G8+H9*H8+I9*I8+J9*J8 -> 0
A10: Gruppo 3 | B10: ='Gruppo 3'!P6 -> 0 | C10: ='Gruppo 3'!Q6 -> 0 | D10: ='Gruppo 3'!R6 -> 0 | E10: ='Gruppo 3'!S6 -> 0 | F10: ='Gruppo 3'!T6 -> 0 | G10: ='Gruppo 3'!U6 -> 0 | H10: ='Gruppo 3'!V6 -> 0 | I10: ='Gruppo 3'!W6 -> 0 | J10: ='Gruppo 3'!X6 -> 0 | K10: =B10*B9+C10*C9+D10*D9+E10*E9+F10*F9+G10*G9+H10*H9+I10*I9+J10*J9 -> 0
A11: Gruppo 4 | B11: ='Gruppo 4'!P6 -> 0 | C11: ='Gruppo 4'!Q6 -> 0 | D11: ='Gruppo 4'!R6 -> 0 | E11: ='Gruppo 4'!S6 -> 0 | F11: ='Gruppo 4'!T6 -> 0 | G11: ='Gruppo 4'!U6 -> 0 | H11: ='Gruppo 4'!V6 -> 0 | I11: ='Gruppo 4'!W6 -> 0 | J11: ='Gruppo 4'!X6 -> 0 | K11: =B11*B10+C11*C10+D11*D10+E11*E10+F11*F10+G11*G10+H11*H10+I11*I10+J11*J10 -> 0
A12: Totale | B12: =SUM(B8:B11) -> 0 | C12: =SUM(C8:C11) -> 0 | D12: =SUM(D8:D11) -> 0 | E12: =SUM(E8:E11) -> 0 | F12: =SUM(F8:F11) -> 0 | G12: =SUM(G8:G11) -> 0 | H12: =SUM(H8:H11) -> 0 | I12: =SUM(I8:I11) -> 0 | ... K12: =SUM(K8:K11) -> 0
